{
  "test_name": "Prompt Engineering Ablation",
  "timestamp": "2025-06-26T22:43:16.055243",
  "models_tested": [
    "deepseek-r1"
  ],
  "sample_size": 3,
  "prompt_variants": [
    "baseline",
    "single",
    "fewshot"
  ],
  "prompt_results": {
    "deepseek-r1__baseline": {
      "avg_quality": 0.7428571428571429,
      "avg_time": 4.113120158513387
    },
    "deepseek-r1__single": {
      "avg_quality": 0.7428571428571429,
      "avg_time": 4.1491537888844805
    },
    "deepseek-r1__fewshot": {
      "avg_quality": 0.7428571428571429,
      "avg_time": 4.124210278193156
    }
  }
}