{
  "test_name": "Prompt Engineering Ablation",
  "timestamp": "2025-06-26T22:27:04.022525",
  "models_tested": [
    "deepseek-r1"
  ],
  "sample_size": 3,
  "prompt_variants": [
    "baseline",
    "single",
    "fewshot"
  ],
  "prompt_results": {
    "deepseek-r1__baseline": {
      "avg_quality": 0.7428571428571429,
      "avg_time": 4.12306276957194
    },
    "deepseek-r1__single": {
      "avg_quality": 0.7428571428571429,
      "avg_time": 4.151452620824178
    },
    "deepseek-r1__fewshot": {
      "avg_quality": 0.7428571428571429,
      "avg_time": 4.114661852518718
    }
  }
}