{
  "timestamp": "2025-06-26T14:11:57.298910",
  "models_tested": [
    "llama3.2"
  ],
  "sample_size": 3,
  "comparison_results": {
    "llama3.2": {
      "tool_learning": {
        "avg_quality": 0.6692460317460318,
        "avg_time": 53.6297295888265,
        "success_rate": 1.0
      },
      "simple_baseline": {
        "avg_quality": 0.5482222222222223,
        "avg_time": 1.3510386149088542e-06,
        "success_rate": 1.0
      },
      "quality_improvement": 0.12102380952380953,
      "time_overhead": 53.62972823778789,
      "winner": "tool_learning"
    }
  }
}